SeriousDlqin2yrs,RevolvingUtilizationOfUnsecuredLines,age,NumberOfTime30-59DaysPastDueNotWorse,DebtRatio,MonthlyIncome,NumberOfOpenCreditLinesAndLoans,NumberOfTimes90DaysLate,NumberOfTime60-89DaysPastDueNotWorse,NumberOfDependents
0.0,0.0,0.0,0.0,0.0,0.0,0.0,0.0,0.0,0.0
1.0,50708.0,109.0,98.0,329664.0,3008750.0,58.0,98.0,98.0,20.0
0.06684,6.048438054666887,52.2936184380896,0.4210333333333333,353.00507576386985,6670.221237392844,8.45276,0.26597333333333334,0.24038666666666667,0.7572222678605657
0.0,0.154180737,52.0,0.0,0.366507841,5400.0,8.0,0.0,0.0,0.0
